service_id,service_name,barcode,price_total,works_names,works_prices,works_totals,item_names,item_articles,item_brands,item_quantities,item_prices,item_totals
56852390,Замена антифриза (охлаждающей жидкости),2400000000334,3800.0,"[""Замена охлаждающей жидкости ДВС, прокачка системы охлаждения ДВС""]","[""1520.0""]","[""1520.0""]","[""Антифриз долговременный Clinch ORGANIC ADDITIVES G12+ (разл., 0,1л)""]","[""3204""]","[""Clinch""]","[""60.0""]","[""38.0""]","[""2280.0""]"
54416011,Замена втулок стабилизатора на VW Polo седан,2400000000167,4760.0,"[""Втулка стабилизатора переднего с/у""]","[""930.0""]","[""1860.0""]","[""Втулка стабилизатора переднего для VW Polo седан, VAG""]","[""6Q0411314P""]","[""VAG""]","[""2.0""]","[""1450.0""]","[""2900.0""]"
56851907,"Замена задних тормозных дисков и колодок 15- (polo, rapid). 110лс.",2400000000303,14650.0,"[""Диск тормозной задний (2 шт.), с/у"", ""Обслуживание задних суппортов""]","[""3000.0"", ""800.0""]","[""3000.0"", ""800.0""]","[""Колодки тормозные задние для дисковых тормозов Polo седан SANGSIN"", ""Тормозной диск задний для VW Polo седан Skoda Rapid (г.в. с 2015), SANGSIN""]","[""SP1391"", ""SD5402""]","[""HiQ"", ""HiQ""]","[""1.0"", ""2.0""]","[""3750.0"", ""3550.0""]","[""3750.0"", ""7100.0""]"
56852052,"Замена задних тормозных колодок 15- (polo, rapid). 110лс..",2400000000310,6400.0,"[""Колодки тормозные диск., задние с/у"", ""Обслуживание задних суппортов""]","[""1850.0"", ""800.0""]","[""1850.0"", ""800.0""]","[""Колодки тормозные задние для дисковых тормозов Polo седан SANGSIN""]","[""SP1391""]","[""HiQ""]","[""1.0""]","[""3750.0""]","[""3750.0""]"
54032584,"Замена масла в АКПП (CFN 105лс) 10-15 (polo, rapid)",2400000000013,14280.0,"[""Частичная замена трансм. масла ATF в АКПП, с/у поддона и замена масл. фильтра""]","[""3500.0""]","[""3500.0""]","[""Кольцо уплотнител., сливной пробки поддона АКПП VAG"", ""Комплект для замены масла в АКПП VW Polo 10-15"", ""Cливная пробка поддона АКПП VAG"", ""Болт поддона АКПП для а/м VW Polo седан, Skoda Rapid, VAP"", ""Масло трансмиссионное ATF 1200 Rosneft Kinetic""]","[""09D321181B"", ""100 137 0001"", ""WHT000310A"", ""WHT000309"", ""000019446""]","[""VAG"", ""Meyle"", ""VAG"", ""VAP"", ""Rosneft""]","[""1.0"", ""1.0"", ""1.0"", ""8.0"", ""4.0""]","[""350.0"", ""4150.0"", ""680.0"", ""75.0"", ""1250.0""]","[""350.0"", ""4150.0"", ""680.0"", ""600.0"", ""5000.0""]"
54331476,"Замена масла в АКПП (cwva 110 лс) 15- (polo, octav, rapid)",2400000000051,14880.0,"[""Защита двигателя, с/у"", ""Частичная замена трансм. масла ATF в АКПП, с 2015 г.в., с/у поддона и замена масл. фильтра""]","[""500.0"", ""3500.0""]","[""500.0"", ""3500.0""]","[""Масло трансмиссионное ATF 1800 Multi LF ZIC"", ""Фильтр сетчатый масляный для АКПП VW Polo седан, с 2015 г NSP"", ""Прокладка поддона масл. АКПП для а/м VW Polo седан, J+P Group"", ""Cливная пробка поддона АКПП VAG"", ""Кольцо уплотнител., сливной пробки поддона АКПП VAG"", ""Болт поддона АКПП для а/м VW Polo седан, Skoda Rapid, VAP""]","[""162665"", ""NSP0809G325429E"", ""1132102500"", ""WHT000310A"", ""09D321181B"", ""WHT000309""]","[""ZIC"", ""NSP"", ""JP Group"", ""VAG"", ""VAG"", ""VAP""]","[""1.0"", ""1.0"", ""1.0"", ""1.0"", ""1.0"", ""8.0""]","[""4850.0"", ""2850.0"", ""1550.0"", ""680.0"", ""350.0"", ""75.0""]","[""4850.0"", ""2850.0"", ""1550.0"", ""680.0"", ""350.0"", ""600.0""]"
54416766,Замена передних амортизаторов Polo/Rapid KYB,2400000000204,32540.0,"[""Амортизатор передний, с/у""]","[""2850.0""]","[""5700.0""]","[""Опора (отбойник) амортизатора переднего для VW Polo седан, LEMFOERDER"", ""Подшипник стойки опорный для VW Polo седан, LEMFOERDER"", ""Амортизатор передний для VW Polo седан KAYABA (серия Excel-G)""]","[""21793 02"", ""3695601"", ""339763""]","[""LEMFÖRDER"", ""Lemfoerder"", ""KYB""]","[""2.0"", ""2.0"", ""2.0""]","[""2250.0"", ""1650.0"", ""9520.0""]","[""4500.0"", ""3300.0"", ""19040.0""]"
54338399,"Замена передних торм колодок 11-15, 15- (polo, rapid)",2400000000075,6300.0,"[""Колодки тормозные передние, с/у"", ""Направляющие суппортов передних, обслуживание""]","[""1850.0"", ""800.0""]","[""1850.0"", ""800.0""]","[""Комплект передних тормозных накладок для VW Polo седан, SANGSIN""]","[""SP1595""]","[""HiQ""]","[""1.0""]","[""3650.0""]","[""3650.0""]"
54338248,"Замена передних тормозных дисков и колодок 11-15, 15- (polo, rapid)",2400000000068,15110.0,"[""Диск тормозной передний (2 шт.), с/у"", ""Направляющие суппортов передних, обслуживание""]","[""3300.0"", ""800.0""]","[""3300.0"", ""800.0""]","[""Комплект передних тормозных накладок для VW Polo седан, SANGSIN"", ""Диск тормозной передний для VW Polo седан, SANGSIN""]","[""SP1595"", ""SD5401""]","[""HiQ"", ""HiQ""]","[""1.0"", ""2.0""]","[""3650.0"", ""3680.0""]","[""3650.0"", ""7360.0""]"
56850763,"Замена передних тормозных дисков и колодок 15- (polo, rapid). 110лс",2400000000297,15110.0,"[""Диск тормозной передний (2 шт.), с/у"", ""Направляющие суппортов передних, обслуживание""]","[""3300.0"", ""800.0""]","[""3300.0"", ""800.0""]","[""Диск тормозной передний для VW Polo седан, SANGSIN"", ""Комплект передних тормозных накладок для VW Polo седан, SANGSIN""]","[""SD5401"", ""SP1595""]","[""HiQ"", ""HiQ""]","[""2.0"", ""1.0""]","[""3680.0"", ""3650.0""]","[""7360.0"", ""3650.0""]"
54385570,"Замена приводного ремня 15-, CWVA (polo, rapid)",2400000000129,10840.0,"[""Ролик натяжной (а/м с конд.), с/у"", ""Ремень генератора, с/у"", ""Защита двигателя, с/у""]","[""900.0"", ""800.0"", ""500.0""]","[""900.0"", ""800.0"", ""500.0""]","[""Ремень приводной (генератора) для для а/м Polo седан, Skoda Rapid (CWVA, CWVB) 110-90л.с., VAG"", ""Ролик натяжной ремня генератора для а/м Polo, Rapid (CWVA) 110-90 л.с""]","[""04C260849E"", ""531 0871 10""]","[""VAG"", ""Schaeffler INA""]","[""1.0"", ""1.0""]","[""2950.0"", ""5690.0""]","[""2950.0"", ""5690.0""]"
54385164,Замена ремня ГРМ не ориг CWVA 110. contitech,2400000000136,25750.0,"[""Ремень ГРМ, замена"", ""Защита двигателя, с/у""]","[""8000.0"", ""500.0""]","[""8000.0"", ""500.0""]","[""Комплект ремня ГРМ""]","[""CT1167K1""]","[""CONTINENTAL CTAM""]","[""1.0""]","[""17250.0""]","[""17250.0""]"
80899599,"Замена ремня ГРМ не ориг CWVA 110, INA АКЦИЯ",2400000000365,17000.0,"[""Ремень ГРМ, замена"", ""Защита двигателя, с/у""]","[""8000.0"", ""500.0""]","[""8000.0"", ""500.0""]","[""Комплект ремня ГРМ для а/м VW Polo, Skoda Rapid, CWVA 1,6 INA""]","[""530059211""]","[""INA""]","[""1.0""]","[""8500.0""]","[""8500.0""]"
54384779,Замена ремня ГРМ оригинал CWVA 110,2400000000112,38700.0,"[""Ремень ГРМ, замена"", ""Защита двигателя, с/у""]","[""8000.0"", ""500.0""]","[""8000.0"", ""500.0""]","[""Болт 12-гранный шкива коленвала CWVA"", ""Ролик натяжной ремня ГРМ CWVA 1,6 VAG"", ""Ролик обводной ремня ГРМ для а/м Polo, Jetta, Rapid, Octavia 110, 125 л.с., (CWVA, CZCA), VAG"", ""Ремень ГРМ для а/м Polo седан, Skoda Rapid, Octavia (CWVA) 110-90 л.с., VAG""]","[""N91204401"", ""04E109479AA"", ""04E109244B"", ""04E109119""]","[""VAG"", ""VAG"", ""VAG"", ""VAG""]","[""1.0"", ""1.0"", ""1.0"", ""1.0""]","[""1080.0"", ""11910.0"", ""7690.0"", ""9520.0""]","[""1080.0"", ""11910.0"", ""7690.0"", ""9520.0""]"
56852244,Замена тормозной жидкости,2400000000327,2420.0,"[""Тормозная жидкость, замена""]","[""1520.0""]","[""1520.0""]","[""Жидкость тормозная RosDot-4 1L""]","[""000002088""]","[""""]","[""1.0""]","[""900.0""]","[""900.0""]"
54414912,"Замена цепи ГРМ (cfn 105) 10-15 (polo, rapid) н/ориг зпч, масло Лукой.",2400000000341,43350.0,"[""Цепь ГРМ, регулировка с/у"", ""Защита двигателя, с/у"", ""Масло моторное + фильтр масл., замена""]","[""12500.0"", ""500.0"", ""1150.0""]","[""12500.0"", ""500.0"", ""1150.0""]","[""Болт 12-гранный шкива коленвала CFNA"", ""Силиконовый герметик (серый) Silicon-Dichtmasse grau"", ""Сальник коленвала передний VW Polo"", ""Уплотнительное кольцо для VW Polo седан, VAG"", ""Масло Genesis Special Advanced 5W-40 LUKOIL (разл., 0,1л) 1644761"", ""Очиститель деталей ДВС"", ""Прокладка для VW Polo седан, VAG"", ""Фильтр масляный для VW Polo (СFN) MANN"", ""Втулка для VW Polo седан, VAG"", ""Цепь ГРМ комплект для VW Polo седан (CFNA), Febi"", ""Пробка сливная картера для VW Polo седан, VAG"", ""Прокладка, крышки изменения фаз CFN""]","[""N91048601"", ""7641"", ""81-34366-00"", ""N90903201"", ""1644761"", ""3231"", ""03C109293"", ""W 712/94"", ""03C105159H"", ""40672"", ""N90813202"", ""092.750""]","[""VAG"", ""LIQUI MOLY"", ""VICTOR REINZ"", ""VAG"", ""LUKOIL"", """", ""VAG"", ""MANNFILTER"", ""VAG"", ""FEBI"", ""VAG"", ""ELRING""]","[""1.0"", ""1.0"", ""1.0"", ""1.0"", ""40.0"", ""1.0"", ""2.0"", ""1.0"", ""1.0"", ""1.0"", ""1.0"", ""1.0""]","[""1080.0"", ""1390.0"", ""1680.0"", ""650.0"", ""70.0"", ""500.0"", ""390.0"", ""1750.0"", ""3960.0"", ""11900.0"", ""360.0"", ""2350.0""]","[""1080.0"", ""1390.0"", ""1680.0"", ""650.0"", ""2800.0"", ""500.0"", ""780.0"", ""1750.0"", ""3960.0"", ""11900.0"", ""360.0"", ""2350.0""]"
54413805,"Замена цепи ГРМ (cfn 105) 10-15 (polo, rapid) Оригинал Castrol",2400000000143,63014.0,"[""Цепь ГРМ, регулировка с/у"", ""Защита двигателя, с/у"", ""Масло моторное + фильтр масл., замена""]","[""12500.0"", ""500.0"", ""1150.0""]","[""12500.0"", ""500.0"", ""1150.0""]","[""Направляющая цепи ГРМ для VW Polo седан, VAG"", ""Направляющая цепи ГРМ для VW Polo седан, VAG"", ""Натяжное устройство цепи ГРМ для VW Polo седан, VAG"", ""Прокладка крышки изменения фаз для VW Polo седан VAG"", ""Болт 12-гранный шкива коленвала CFNA"", ""Силиконовый герметик (серый) Silicon-Dichtmasse grau"", ""Цепь привода ГРМ для VW Polo седан, VAG"", ""Сальник коленвала передний VW Polo"", ""Прокладка для VW Polo седан, VAG"", ""Уплотнительное кольцо для VW Polo седан, VAG"", ""Втулка для VW Polo седан, VAG"", ""Масло моторное синтетическое Castrol MAGNATEC 5W-40 (разл., 0,1л)15C9DD"", ""Пробка сливная картера для VW Polo седан, VAG"", ""Фильтр масляный для VW Polo (СFN) MANN"", ""Очиститель деталей ДВС""]","[""03C109469K"", ""03C109509P"", ""03C109507BA"", ""03C109287G"", ""N91048601"", ""7641"", ""03C109158A"", ""81-34366-00"", ""03C109293"", ""N90903201"", ""03C105159H"", ""15C9DD"", ""N90813202"", ""W 712/94"", ""3231""]","[""AMOS POLO"", ""AMOS POLO"", ""VAG"", ""VAG"", ""VAG"", ""LIQUI MOLY"", ""VAG"", ""VICTOR REINZ"", ""VAG"", ""VAG"", ""VAG"", ""Castrol"", ""VAG"", ""MANNFILTER"", """"]","[""1.0"", ""1.0"", ""1.0"", ""1.0"", ""1.0"", ""1.0"", ""1.0"", ""1.0"", ""2.0"", ""1.0"", ""1.0"", ""38.0"", ""1.0"", ""1.0"", ""1.0""]","[""2520.0"", ""2490.0"", ""6970.0"", ""4040.0"", ""1080.0"", ""1390.0"", ""15450.0"", ""1680.0"", ""390.0"", ""650.0"", ""3960.0"", ""138.0"", ""360.0"", ""1750.0"", ""500.0""]","[""2520.0"", ""2490.0"", ""6970.0"", ""4040.0"", ""1080.0"", ""1390.0"", ""15450.0"", ""1680.0"", ""780.0"", ""650.0"", ""3960.0"", ""5244.0"", ""360.0"", ""1750.0"", ""500.0""]"
54746540,Промывка радиаторов с частичной разборкой (половинить) на Polo,2400000000266,8290.0,"[""Бампер передний с ПТФ + решетки в бампер, с/у"", ""Панель передняя (телевизор), с/у"", ""Чистка поверхности радиатора без демонтажа (очистка хим + вода)""]","[""2500.0"", ""2500.0"", ""2500.0""]","[""2500.0"", ""2500.0"", ""2500.0""]","[""Очиститель поверхности радиатора LAVR PRO LINE, пенный""]","[""LN2032""]","[""Lavr""]","[""1.0""]","[""790.0""]","[""790.0""]"
54742514,"ТО-1 (cfna 105) 10-15 (polo, rapid) масло Кастрол",2400000000228,12325.0,"[""Масло моторное + фильтр масл., замена"", ""Защита двигателя, с/у"", ""Фильтр салона, с/у (без разбора пер. ящика)"", ""Фильтр воздушный, с/у"", ""Осмотр ходовой части и составление листа осмотра ( 1р - Акция!)""]","[""1150.0"", ""500.0"", ""550.0"", ""570.0"", ""1.0""]","[""1150.0"", ""500.0"", ""550.0"", ""570.0"", ""1.0""]","[""Масло моторное синтетическое Castrol MAGNATEC 5W-40 (разл., 0,1л)15C9DD"", ""Фильтр масляный для VW Polo (СFN) MANN"", ""Фильтр воздушный CFN VW Polo седан, FORTECH"", ""Фильтр салона угольный, антибактериальный для VW Polo седан, RAF FILTER"", ""Пробка сливная картера для VW Polo седан, VAG""]","[""15C9DD"", ""W 712/94"", ""FA087"", ""RSTC004VO"", ""N90813202""]","[""Castrol"", ""MANNFILTER"", ""Fortech"", ""raf"", ""VAG""]","[""38.0"", ""1.0"", ""1.0"", ""1.0"", ""1.0""]","[""138.0"", ""1750.0"", ""850.0"", ""1350.0"", ""360.0""]","[""5244.0"", ""1750.0"", ""850.0"", ""1350.0"", ""360.0""]"
54742786,"ТО-1 (cfna 105) 10-15 (polo, rapid) масло Лукойл.",2400000000242,9740.0,"[""Масло моторное + фильтр масл., замена"", ""Защита двигателя, с/у"", ""Фильтр салона, с/у (без разбора пер. ящика)"", ""Фильтр воздушный, с/у""]","[""1150.0"", ""500.0"", ""550.0"", ""570.0""]","[""1150.0"", ""500.0"", ""550.0"", ""570.0""]","[""Масло Genesis Special Advanced 5W-40 LUKOIL (разл., 0,1л) 1644761"", ""Фильтр масляный для VW Polo (СFN) MANN"", ""Фильтр воздушный CFN VW Polo седан, FORTECH"", ""Фильтр салона угольный, антибактериальный для VW Polo седан, RAF FILTER"", ""Пробка сливная картера для VW Polo седан, VAG""]","[""1644761"", ""W 712/94"", ""FA087"", ""RSTC004VO"", ""N90813202""]","[""LUKOIL"", ""MANNFILTER"", ""Fortech"", ""raf"", ""VAG""]","[""38.0"", ""1.0"", ""1.0"", ""1.0"", ""1.0""]","[""70.0"", ""1750.0"", ""850.0"", ""1350.0"", ""360.0""]","[""2660.0"", ""1750.0"", ""850.0"", ""1350.0"", ""360.0""]"
54416160,"ТО-1 (cwva 90,110) 15- (polo, rapid) масло Кастрол",2400000000174,12801.0,"[""Защита двигателя, с/у"", ""Масло моторное + фильтр масл., замена"", ""Фильтр воздушный, с/у"", ""Фильтр салона, с/у (без разбора пер. ящика)"", ""Осмотр ходовой части и составление листа осмотра ( 1р - Акция!)""]","[""500.0"", ""1150.0"", ""570.0"", ""550.0"", ""1.0""]","[""500.0"", ""1150.0"", ""570.0"", ""550.0"", ""1.0""]","[""Пробка сливная CWVA VAG"", ""Фильтр масляный CWVA VW Polo седан, MANN"", ""Фильтр воздушный CWVA 1,6 TSN 911732"", ""Фильтр салона угольный, антибактериальный для VW Polo седан, RAF FILTER"", ""Кольцо уплотнительное шайба CWVA VAG"", ""Масло моторное синтетическое Castrol MAGNATEC 5W-40 (разл., 0,1л)15C9DD""]","[""N90288901"", ""W 712/95"", ""911732"", ""RSTC004VO"", ""N0138157"", ""15C9DD""]","[""VAG"", ""MANN-FILTER"", ""TSN"", ""raf"", ""VAG"", ""Castrol""]","[""1.0"", ""1.0"", ""1.0"", ""1.0"", ""1.0"", ""40.0""]","[""480.0"", ""1750.0"", ""640.0"", ""1350.0"", ""290.0"", ""138.0""]","[""480.0"", ""1750.0"", ""640.0"", ""1350.0"", ""290.0"", ""5520.0""]"
54416239,"ТО-1 (cwva 90,110) 15- (polo, rapid) масло Лукойл",2400000000181,10081.0,"[""Осмотр ходовой части и составление листа осмотра ( 1р - Акция!)"", ""Защита двигателя, с/у"", ""Масло моторное + фильтр масл., замена"", ""Фильтр воздушный, с/у"", ""Фильтр салона, с/у (без разбора пер. ящика)""]","[""1.0"", ""500.0"", ""1150.0"", ""570.0"", ""550.0""]","[""1.0"", ""500.0"", ""1150.0"", ""570.0"", ""550.0""]","[""Кольцо уплотнительное шайба CWVA VAG"", ""Пробка сливная CWVA VAG"", ""Фильтр масляный CWVA VW Polo седан, MANN"", ""Фильтр воздушный CWVA 1,6 TSN 911732"", ""Фильтр салона угольный, антибактериальный для VW Polo седан, RAF FILTER"", ""Масло Genesis Special Advanced 5W-40 LUKOIL (разл., 0,1л) 1644761""]","[""N0138157"", ""N90288901"", ""W 712/95"", ""911732"", ""RSTC004VO"", ""1644761""]","[""VAG"", ""VAG"", ""MANN-FILTER"", ""TSN"", ""raf"", ""LUKOIL""]","[""1.0"", ""1.0"", ""1.0"", ""1.0"", ""1.0"", ""40.0""]","[""290.0"", ""480.0"", ""1750.0"", ""640.0"", ""1350.0"", ""70.0""]","[""290.0"", ""480.0"", ""1750.0"", ""640.0"", ""1350.0"", ""2800.0""]"
54742735,"ТО-2 (cfna 105) 10-15 (polo, rapid) масло Кастрол.",2400000000259,20575.0,"[""Осмотр ходовой части и составление листа осмотра ( 1р - Акция!)"", ""Масло моторное + фильтр масл., замена"", ""Защита двигателя, с/у"", ""Фильтр салона, с/у (без разбора пер. ящика)"", ""Фильтр воздушный, с/у"", ""Свеча зажигания (4 шт), с/у"", ""Фильтр топливный, с/у""]","[""1.0"", ""1150.0"", ""500.0"", ""550.0"", ""570.0"", ""1250.0"", ""870.0""]","[""1.0"", ""1150.0"", ""500.0"", ""550.0"", ""570.0"", ""1250.0"", ""870.0""]","[""Масло моторное синтетическое Castrol MAGNATEC 5W-40 (разл., 0,1л)15C9DD"", ""Фильтр масляный для VW Polo (СFN) MANN"", ""Фильтр воздушный CFN VW Polo седан, FORTECH"", ""Фильтр салона угольный, антибактериальный для VW Polo седан, RAF FILTER"", ""Пробка сливная картера для VW Polo седан, VAG"", ""Фильтр топливный с регулятором давления 4.0 Bar для VW Polo седан, UFI"", ""Свеча зажигания VW Polo седан, Bosch 0242236565""]","[""15C9DD"", ""W 712/94"", ""FA087"", ""RSTC004VO"", ""N90813202"", ""31.833.00"", ""0242236565""]","[""Castrol"", ""MANNFILTER"", ""Fortech"", ""raf"", ""VAG"", ""UFI"", ""Bosch""]","[""38.0"", ""1.0"", ""1.0"", ""1.0"", ""1.0"", ""1.0"", ""4.0""]","[""138.0"", ""1750.0"", ""850.0"", ""1350.0"", ""360.0"", ""2850.0"", ""820.0""]","[""5244.0"", ""1750.0"", ""850.0"", ""1350.0"", ""360.0"", ""2850.0"", ""3280.0""]"
54742820,"ТО-2 (cfna 105) 10-15 (polo, rapid) масло Лукойл",2400000000235,17990.0,"[""Масло моторное + фильтр масл., замена"", ""Защита двигателя, с/у"", ""Фильтр салона, с/у (без разбора пер. ящика)"", ""Фильтр воздушный, с/у"", ""Свеча зажигания (4 шт), с/у"", ""Фильтр топливный, с/у""]","[""1150.0"", ""500.0"", ""550.0"", ""570.0"", ""1250.0"", ""870.0""]","[""1150.0"", ""500.0"", ""550.0"", ""570.0"", ""1250.0"", ""870.0""]","[""Фильтр масляный для VW Polo (СFN) MANN"", ""Фильтр воздушный CFN VW Polo седан, FORTECH"", ""Фильтр салона угольный, антибактериальный для VW Polo седан, RAF FILTER"", ""Пробка сливная картера для VW Polo седан, VAG"", ""Фильтр топливный с регулятором давления 4.0 Bar для VW Polo седан, UFI"", ""Свеча зажигания VW Polo седан, Bosch 0242236565"", ""Масло Genesis Special Advanced 5W-40 LUKOIL (разл., 0,1л) 1644761""]","[""W 712/94"", ""FA087"", ""RSTC004VO"", ""N90813202"", ""31.833.00"", ""0242236565"", ""1644761""]","[""MANNFILTER"", ""Fortech"", ""raf"", ""VAG"", ""UFI"", ""Bosch"", ""LUKOIL""]","[""1.0"", ""1.0"", ""1.0"", ""1.0"", ""1.0"", ""4.0"", ""38.0""]","[""1750.0"", ""850.0"", ""1350.0"", ""360.0"", ""2850.0"", ""820.0"", ""70.0""]","[""1750.0"", ""850.0"", ""1350.0"", ""360.0"", ""2850.0"", ""3280.0"", ""2660.0""]"
54416298,"ТО-2 (cwva 90,110) 15- (polo, rapid) масло Лукойл",2400000000198,19651.0,"[""Осмотр ходовой части и составление листа осмотра ( 1р - Акция!)"", ""Защита двигателя, с/у"", ""Масло моторное + фильтр масл., замена"", ""Фильтр воздушный, с/у"", ""Фильтр салона, с/у (без разбора пер. ящика)"", ""Свеча зажигания (4 шт), с/у"", ""Фильтр топливный, с/у""]","[""1.0"", ""500.0"", ""1150.0"", ""570.0"", ""550.0"", ""1250.0"", ""870.0""]","[""1.0"", ""500.0"", ""1150.0"", ""570.0"", ""550.0"", ""1250.0"", ""870.0""]","[""Кольцо уплотнительное шайба CWVA VAG"", ""Пробка сливная CWVA VAG"", ""Фильтр масляный CWVA VW Polo седан, MANN"", ""Фильтр воздушный CWVA 1,6 TSN 911732"", ""Фильтр салона угольный, антибактериальный для VW Polo седан, RAF FILTER"", ""Фильтр топливный с регулятором давления 4.0 Bar для VW Polo седан, UFI"", ""Свеча зажигания CWVA 1,6 BOSCH"", ""Масло Genesis Special Advanced 5W-40 LUKOIL (разл., 0,1л) 1644761""]","[""N0138157"", ""N90288901"", ""W 712/95"", ""911732"", ""RSTC004VO"", ""31.833.00"", ""0 241 135 520"", ""1644761""]","[""VAG"", ""VAG"", ""MANN-FILTER"", ""TSN"", ""raf"", ""UFI"", ""Bosch"", ""LUKOIL""]","[""1.0"", ""1.0"", ""1.0"", ""1.0"", ""1.0"", ""1.0"", ""4.0"", ""40.0""]","[""290.0"", ""480.0"", ""1750.0"", ""640.0"", ""1350.0"", ""2850.0"", ""1150.0"", ""70.0""]","[""290.0"", ""480.0"", ""1750.0"", ""640.0"", ""1350.0"", ""2850.0"", ""4600.0"", ""2800.0""]"
56479094,"Колесо R12-15, с/у, монтаж/демонтаж резины, балансировка, комплект",,3000.0,[],[],[],[],[],[],[],[],[]
56479101,"Колесо R16, с/у, монтаж/демонтаж резины, балансировка, комплект.",,3200.0,[],[],[],[],[],[],[],[],[]
56479111,"Колесо R17, с/у, монтаж/демонтаж резины, балансировка, комплект.",,3600.0,[],[],[],[],[],[],[],[],[]
56479162,"Колесо R18, с/у, монтаж/демонтаж резины, балансировка, комплект.",,4100.0,[],[],[],[],[],[],[],[],[]
56479276,"Колесо R19, с/у, монтаж/демонтаж резины, балансировка, комплект.",,4800.0,[],[],[],[],[],[],[],[],[]
56479311,"Колесо R20, с/у, монтаж/демонтаж резины, балансировка, комплект.",,5500.0,[],[],[],[],[],[],[],[],[]
56479328,"Колесо R21, с/у, монтаж/демонтаж резины, балансировка, комплект.",,6500.0,[],[],[],[],[],[],[],[],[]
56479414,"Колесо R22, с/у, монтаж/демонтаж резины, балансировка, комплект.",,7300.0,[],[],[],[],[],[],[],[],[]
53894496,Автомобильный слесарный ремонт,,0.0,[],[],[],[],[],[],[],[],[]
53894497,Агрегатная мойка,,500.0,[],[],[],[],[],[],[],[],[]
53894495,Адаптация дроссельной заслонки,,1350.0,[],[],[],[],[],[],[],[],[]
53894842,"АКБ, с/у",,800.0,[],[],[],[],[],[],[],[],[]
53894849,"АКПП, с/у",,6500.0,[],[],[],[],[],[],[],[],[]
53894498,Активация ключа,,500.0,[],[],[],[],[],[],[],[],[]
53894852,"Амортизатор задний, с/у",,1550.0,[],[],[],[],[],[],[],[],[]
53894499,"Амортизатор крышки багажника, с/у",,300.0,[],[],[],[],[],[],[],[],[]
53894850,"Амортизатор передний, с/у",,2850.0,[],[],[],[],[],[],[],[],[]
53894825,"Амортизаторы капота, установка",,300.0,[],[],[],[],[],[],[],[],[]
53894500,Антибактериальная обработка испарителя кондиционера,,950.0,[],[],[],[],[],[],[],[],[]
53894838,Бак топливный с/у,,5000.0,[],[],[],[],[],[],[],[],[]
53894848,"Балка заднего моста, с/у",,9000.0,[],[],[],[],[],[],[],[],[]
53894851,"Бампер задний без парк., с/у",,2550.0,[],[],[],[],[],[],[],[],[]
53894853,"Бампер задний с парк., с/у",,2650.0,[],[],[],[],[],[],[],[],[]
53894822,"Бампер передний Tiguan, с/у",,2000.0,[],[],[],[],[],[],[],[],[]
53894837,"Бампер передний + решетки в бампер, с/у",,2500.0,[],[],[],[],[],[],[],[],[]
53894858,"Бампер передний с ПТФ + решетки в бампер, с/у",,2500.0,[],[],[],[],[],[],[],[],[]
53894503,Барабан тормозной с/у,,1500.0,[],[],[],[],[],[],[],[],[]
53894826,"Бачок омывателя, с/у",,1470.0,[],[],[],[],[],[],[],[],[]
53894857,"Бачок расширительный, с/у",,1250.0,[],[],[],[],[],[],[],[],[]
53894829,"Блок BCM, с/у + программ.",,5700.0,[],[],[],[],[],[],[],[],[]
53894502,Блок предохранителей АКБ с/у,,500.0,[],[],[],[],[],[],[],[],[]
53894564,"Блок управления вентилятором, с/у",,500.0,[],[],[],[],[],[],[],[],[]
53894501,Блок управления зеркалами с/у,,800.0,[],[],[],[],[],[],[],[],[]
53894854,"Брызговик (2 шт), установка",,1200.0,[],[],[],[],[],[],[],[],[]
53894565,Вакумный Насос С/У,,500.0,[],[],[],[],[],[],[],[],[]
53894827,Вакуум (усилитель тормозов) с/у,,2800.0,[],[],[],[],[],[],[],[],[]
53894566,Вал Мужду АКПП и раздаткой дефектовка,,22000.0,[],[],[],[],[],[],[],[],[]
53894828,Вал привода с/у (обслуживание),,3500.0,[],[],[],[],[],[],[],[],[]
53894567,"Вварка пламягителя, сварка выпускного коллектора",,7000.0,[],[],[],[],[],[],[],[],[]
53894859,"Вентилятор отопителя, с/у",,2000.0,[],[],[],[],[],[],[],[],[]
53894568,"Вентилятор отопителя с/у, обслуживание",,2800.0,[],[],[],[],[],[],[],[],[]
53894856,Вентилятор печки с/у,,3500.0,[],[],[],[],[],[],[],[],[]
53894855,Вентилятор радиатора двигателя с/у,,2000.0,[],[],[],[],[],[],[],[],[]
53894570,Виброизоляция арок колес снаружи (4 шт.),,4000.0,[],[],[],[],[],[],[],[],[]
53894839,Вибро- шумоизоляция потолка (вкл. матер. 2 сл.),,9500.0,[],[],[],[],[],[],[],[],[]
53894569,Визуальная проверка шин на предмет повреждений,,280.0,[],[],[],[],[],[],[],[],[]
53894824,Визуальный контроль состояния ремня ГРМ,,990.0,[],[],[],[],[],[],[],[],[]
53894572,Вклейка стекла,,3600.0,[],[],[],[],[],[],[],[],[]
53894878,"Водосток, установка",,200.0,[],[],[],[],[],[],[],[],[]
53894945,"Воздухозаборник от панели передней, с/у",,200.0,[],[],[],[],[],[],[],[],[]
53894571,Восстановление персональных данных,,2000.0,[],[],[],[],[],[],[],[],[]
53894891,Втулка стабилизатора заднего с/у,,800.0,[],[],[],[],[],[],[],[],[]
53894884,Втулка стабилизатора переднего с/у,,930.0,[],[],[],[],[],[],[],[],[]
53894575,"Выключатель электростеклоподъемника, с/у",,800.0,[],[],[],[],[],[],[],[],[]
53894574,Выставление уровня масла в АКПП,,1000.0,[],[],[],[],[],[],[],[],[]
53894573,Выставление уровня охлаждающей жидкости ( 0 р. Акция!),,0.0,[],[],[],[],[],[],[],[],[]
53894959,Выставление уровня охлаждающей жидкости (1р. Акция!),,1.0,[],[],[],[],[],[],[],[],[]
53894576,ГБЦ С/У,,20000.0,[],[],[],[],[],[],[],[],[]
53894995,Генератор с/у,,2800.0,[],[],[],[],[],[],[],[],[]
53894968,"Гидравлическая система управления, прокачка",,800.0,[],[],[],[],[],[],[],[],[]
53894579,"Гидропривода сцепления жидкость, замена",,800.0,[],[],[],[],[],[],[],[],[]
53894580,"Гильзовка, расточка БЦ",,28000.0,[],[],[],[],[],[],[],[],[]
53894578,Главный тормозной цилиндр с/у,,500.0,[],[],[],[],[],[],[],[],[]
53894961,Главный цилиндр сцепления с/у,,2000.0,[],[],[],[],[],[],[],[],[]
53894577,"Глушитель, с/у",,1850.0,[],[],[],[],[],[],[],[],[]
53894937,Датчик АБС с/у,,800.0,[],[],[],[],[],[],[],[],[]
53894885,Датчик давления кондиционера с/у,,400.0,[],[],[],[],[],[],[],[],[]
53894582,"Датчик давления масла, с/у",,500.0,[],[],[],[],[],[],[],[],[]
53894581,"Датчик ДПКВ, замена VW POLO",,6940.0,[],[],[],[],[],[],[],[],[]
53894930,Датчик с/у,,600.0,[],[],[],[],[],[],[],[],[]
53894960,Датчик температурный с/у,,800.0,[],[],[],[],[],[],[],[],[]
53894588,"Датчик уровня топлива, с/у",,2800.0,[],[],[],[],[],[],[],[],[]
53894974,Дверь с/у (с разбор.),,1950.0,[],[],[],[],[],[],[],[],[]
53894964,"Двигатель CFNA, разборка, дефект.",,15000.0,[],[],[],[],[],[],[],[],[]
53894879,Дворники щетки стеклоочистителя с/у,,500.0,[],[],[],[],[],[],[],[],[]
53894973,"ДВС 4 цил., в сборе с навесным, с/у",,20000.0,[],[],[],[],[],[],[],[],[]
53894860,ДВС разбор/сборка,,35000.0,[],[],[],[],[],[],[],[],[]
53894584,Демонтаж катализатора,,0.0,[],[],[],[],[],[],[],[],[]
53894585,Демонтаж креплений защиты двигателя,,500.0,[],[],[],[],[],[],[],[],[]
53894583,Демонтаж тонир. пленки с переднего бокового стекла автомобиля (без форточки),,700.0,[],[],[],[],[],[],[],[],[]
53894981,Демпфер карданного вала с/у,,2000.0,[],[],[],[],[],[],[],[],[]
53894587,"Детали крепления для задних тормозных колодок 1 комплект, с/у",,3000.0,[],[],[],[],[],[],[],[],[]
53894586,Дефектовка аварийного транспортного средства,,2500.0,[],[],[],[],[],[],[],[],[]
53894978,"Дефлектора (4 шт), установка",,500.0,[],[],[],[],[],[],[],[],[]
53894976,"Дефлектор заднего стекла, установка",,500.0,[],[],[],[],[],[],[],[],[]
53894946,"Дефлектор лоб.стекла водоотводящий 2шт., установка",,300.0,[],[],[],[],[],[],[],[],[]
70502346,Диагностика автомобиля и составление листа осмотра,,1000.0,[],[],[],[],[],[],[],[],[]
53894982,Диагностика блоков управления,,1750.0,[],[],[],[],[],[],[],[],[]
53894984,Диагностика блоков управления (0р. - Акция!),,0.0,[],[],[],[],[],[],[],[],[]
53894957,Диагностика выхлопной системы (без демонтажа и разбора элементов),,500.0,[],[],[],[],[],[],[],[],[]
53894893,Диагностика ДВС,,0.0,[],[],[],[],[],[],[],[],[]
53894593,Диагностика и Замена клапана ТНВД,,2500.0,[],[],[],[],[],[],[],[],[]
53894953,Диагностика механизма переключения передач МКПП (без демонтажа и разбора),,99.0,[],[],[],[],[],[],[],[],[]
53894591,Диагностика системы А/С,,1000.0,[],[],[],[],[],[],[],[],[]
53894590,Диагностика системы кондиционирования,,700.0,[],[],[],[],[],[],[],[],[]
53894952,Диагностика системы кондиционирования и отопления (без демонтажа и разборки),,99.0,[],[],[],[],[],[],[],[],[]
53894596,Диагностика системы отопления без демонтажа,,500.0,[],[],[],[],[],[],[],[],[]
53894986,Диагностика системы охлаждения ДВС (без демонтажа и разборки),,500.0,[],[],[],[],[],[],[],[],[]
53894592,Диагностика системы стеклоомывателя и работы стеклоочистителей,,500.0,[],[],[],[],[],[],[],[],[]
53894595,Диагностика течи антифриза,,400.0,[],[],[],[],[],[],[],[],[]
53894594,Диагностика течи масла/антифриза,,500.0,[],[],[],[],[],[],[],[],[]
53894877,Диагностика тормозной системы (без демонтажа и разборки),,150.0,[],[],[],[],[],[],[],[],[]
53894589,Диагностика шума,,1000.0,[],[],[],[],[],[],[],[],[]
53894951,Динамики в штатное место с/у,,350.0,[],[],[],[],[],[],[],[],[]
53894994,"Диск тормозной задний (2 шт.), с/у",,3000.0,[],[],[],[],[],[],[],[],[]
53894993,"Диск тормозной передний (2 шт.), с/у",,3300.0,[],[],[],[],[],[],[],[],[]
53894598,Дроссельная заслонка (профилактика),,1500.0,[],[],[],[],[],[],[],[],[]
53894601,Дроссельная заслонка ремонт,,5000.0,[],[],[],[],[],[],[],[],[]
53894939,"Дроссельная заслонка, ремонт",,5000.0,[],[],[],[],[],[],[],[],[]
53894602,Жгут стояночного тормоза с\у,,750.0,[],[],[],[],[],[],[],[],[]
53895266,"Жестяно-стапельные работы, вварка передняя часть а/м",,4500.0,[],[],[],[],[],[],[],[],[]
53894977,"Задние торм. барабаны, подгот., покрас.",,1500.0,[],[],[],[],[],[],[],[],[]
53894955,"Задний тормозной цилиндр, с/у",,980.0,[],[],[],[],[],[],[],[],[]
53894934,"Замена барабанных тормозов на дисковые, в комплекте",,3700.0,[],[],[],[],[],[],[],[],[]
53894992,"Замена, вварка гофры трубы ОГ",,3000.0,[],[],[],[],[],[],[],[],[]
53894948,Замена-гидрокомпенсаторов,,6700.0,[],[],[],[],[],[],[],[],[]
53894603,Замена-гидрокомпенсаторов VW Polo седан,,6700.0,[],[],[],[],[],[],[],[],[]
53894608,Замена жидкости гидроусилителя,,800.0,[],[],[],[],[],[],[],[],[]
53894623,Замена Жидкость Гур,,1200.0,[],[],[],[],[],[],[],[],[]
53894889,Замена зеркала в сборе,,1500.0,[],[],[],[],[],[],[],[],[]
53894864,Замена клапанной крышки,,9000.0,[],[],[],[],[],[],[],[],[]
53894611,Замена корпуса масл.фильтра,,4000.0,[],[],[],[],[],[],[],[],[]
53894613,Замена масла в DSG6,,3800.0,[],[],[],[],[],[],[],[],[]
53894962,Замена масла в гидроусилителе,,600.0,[],[],[],[],[],[],[],[],[]
53894620,Замена масла в раздатке,,1000.0,[],[],[],[],[],[],[],[],[]
53894619,Замена масла в редукторе,,1000.0,[],[],[],[],[],[],[],[],[]
53894607,Замена маслосъемных колпачков,,15000.0,[],[],[],[],[],[],[],[],[]
53894928,Замена маслосъемных колпачков ДВС CFN,,10000.0,[],[],[],[],[],[],[],[],[]
53894612,Замена муфты карданного вала,,4500.0,[],[],[],[],[],[],[],[],[]
53894963,"Замена охлаждающей жидкости ДВС, прокачка системы охлаждения ДВС",,1520.0,[],[],[],[],[],[],[],[],[]
53894604,Замена привода спидометра,,3000.0,[],[],[],[],[],[],[],[],[]
53894866,Замена приводного ремня,,2000.0,[],[],[],[],[],[],[],[],[]
53894610,Замена промежуточного штуцера,,2000.0,[],[],[],[],[],[],[],[],[]
53894956,"Замена радиатора охлаждения ДВС, с/у",,1800.0,[],[],[],[],[],[],[],[],[]
53894621,Замена Раздаточной Коробки,,9000.0,[],[],[],[],[],[],[],[],[]
53894617,Замена ремня ТНВД,,2000.0,[],[],[],[],[],[],[],[],[]
53894622,Замена сайлентблоков зад.рычагов,,4500.0,[],[],[],[],[],[],[],[],[]
53894979,Замена сцепления на автомобиле Polo седан,,0.0,[],[],[],[],[],[],[],[],[]
53894931,"Замена топливной трубки (от топлив., фильтра до мотор,. отсека) с/у",,1700.0,[],[],[],[],[],[],[],[],[]
53894615,Замена Трубки Гур,,2000.0,[],[],[],[],[],[],[],[],[]
53894614,Замена трубки маслаподачи турбины,,1500.0,[],[],[],[],[],[],[],[],[]
53894605,Замена уплотнительных колец свечных колодцев,,1750.0,[],[],[],[],[],[],[],[],[]
79732858,Замена шпильки выпускного коллектора CFNA,,200.0,[],[],[],[],[],[],[],[],[]
53894865,Замер компрессии,,1600.0,[],[],[],[],[],[],[],[],[]
53894616,Зам. задних торм. трубок,,2000.0,[],[],[],[],[],[],[],[],[]
53894971,Замок бензобака с/у,,1200.0,[],[],[],[],[],[],[],[],[]
53894606,Замок двери с/у,,1500.0,[],[],[],[],[],[],[],[],[]
53894609,Замок капота с/у,,500.0,[],[],[],[],[],[],[],[],[]
53894629,Замок крышки багажника с/у,,1000.0,[],[],[],[],[],[],[],[],[]
53894626,Запрессовка,,1000.0,[],[],[],[],[],[],[],[],[]
53894627,Запрессовка шаровой опоры,,1000.0,[],[],[],[],[],[],[],[],[]
53894950,"Заслонка дроссельная, с/у",,1500.0,[],[],[],[],[],[],[],[],[]
53894924,Заслонка регулировки температуры с/у,,1300.0,[],[],[],[],[],[],[],[],[]
53894861,"Защита двигателя, с/у",,500.0,[],[],[],[],[],[],[],[],[]
53894970,Защита картера установка (новая),,1100.0,[],[],[],[],[],[],[],[],[]
53894628,Защита нижняя правая с/у,,500.0,[],[],[],[],[],[],[],[],[]
53894944,"Защита радиатора VW Jetta, установка",,200.0,[],[],[],[],[],[],[],[],[]
53894929,"Защита радиатора, установка",,200.0,[],[],[],[],[],[],[],[],[]
53894988,"Защитный брус, с/у",,800.0,[],[],[],[],[],[],[],[],[]
53894625,"Звездочка коленвала, с/у",,3500.0,[],[],[],[],[],[],[],[],[]
53894624,"Звездочка распредвала, с/у",,500.0,[],[],[],[],[],[],[],[],[]
53894949,Зеркало боковое с/у,,1200.0,[],[],[],[],[],[],[],[],[]
53894888,"Зеркальный элемент, замена",,500.0,[],[],[],[],[],[],[],[],[]
53894632,"Золотник для кондиционера, с/у",,200.0,[],[],[],[],[],[],[],[],[]
53894631,Изготовление проставок под динамики в двери 1шт,,400.0,[],[],[],[],[],[],[],[],[]
53894990,Исполнительный элемент замка бензобака с/у,,1100.0,[],[],[],[],[],[],[],[],[]
53894991,"Исполнительный элемент крышки бензобака, с/у",,1100.0,[],[],[],[],[],[],[],[],[]
53894975,"Камера, установка",,3500.0,[],[],[],[],[],[],[],[],[]
53894882,"Каншина, подключение",,1500.0,[],[],[],[],[],[],[],[],[]
53894880,"Капот, с/у",,595.0,[],[],[],[],[],[],[],[],[]
53894630,Карданный вал с/у,,1600.0,[],[],[],[],[],[],[],[],[]
53894965,"Катушка зажигания, с/у",,350.0,[],[],[],[],[],[],[],[],[]
53894634,Клапан адсорбера с\у,,1500.0,[],[],[],[],[],[],[],[],[]
53894633,Клапан вентиляции топливного бака с/у,,1000.0,[],[],[],[],[],[],[],[],[]
53894635,"Клапан ВКГ, с/у",,1400.0,[],[],[],[],[],[],[],[],[]
53894943,Клапан маслоотделительный с/у,,500.0,[],[],[],[],[],[],[],[],[]
53894996,Клапан маслоотделителя с/у,,1000.0,[],[],[],[],[],[],[],[],[]
53894867,Клапанная крышка с/у,,2500.0,[],[],[],[],[],[],[],[],[]
53894881,Кнопка стеклоподъемника с/у,,250.0,[],[],[],[],[],[],[],[],[]
53894954,"Кожух аккумулятора, установка",,300.0,[],[],[],[],[],[],[],[],[]
53894892,"Кожух вентилятора, с/у",,200.0,[],[],[],[],[],[],[],[],[]
53894887,Кожух зеркального элемента с/у,,800.0,[],[],[],[],[],[],[],[],[]
53894966,"Колесо в сборе, с/у",,200.0,[],[],[],[],[],[],[],[],[]
53894967,"Колесо (с/у, балансировка)",,450.0,[],[],[],[],[],[],[],[],[]
53894969,"Колесо (с/у, балансировка, монтаж)",,450.0,[],[],[],[],[],[],[],[],[]
53894932,"Коллектор впускной, VW Polo/Rapid/Jetta с/у",,3000.0,[],[],[],[],[],[],[],[],[]
53894925,"Коллектор выпускной, с/у",,4000.0,[],[],[],[],[],[],[],[],[]
53894947,Колодки задние замена,,800.0,[],[],[],[],[],[],[],[],[]
53894636,Колодки стояночного тормоза с/у,,1150.0,[],[],[],[],[],[],[],[],[]
53894941,Колодки тормозные VW Jetta с/у,,1850.0,[],[],[],[],[],[],[],[],[]
53894863,"Колодки тормозные диск., задние с/у",,1850.0,[],[],[],[],[],[],[],[],[]
53894637,"Колодки тормозные диск. задние с электронным ручником, с/у",,3000.0,[],[],[],[],[],[],[],[],[]
53894972,"Колодки тормозные задние (барабан) (2 шт), с/у",,3550.0,[],[],[],[],[],[],[],[],[]
53894862,"Колодки тормозные передние, с/у",,1850.0,[],[],[],[],[],[],[],[],[]
53894638,Колодки тормозные с/у Jetta,,1850.0,[],[],[],[],[],[],[],[],[]
53894980,"Комплект амортизаторов капота, установка",,790.0,[],[],[],[],[],[],[],[],[]
53894940,"Компрессор кондиционера, ремонт",,6000.0,[],[],[],[],[],[],[],[],[]
53894886,"Компрессор кондиционера, с/у",,2500.0,[],[],[],[],[],[],[],[],[]
53894985,"Кондиционер, заправка",,3500.0,[],[],[],[],[],[],[],[],[]
53894640,"Контактная группа замка зажигания, с\у",,2000.0,[],[],[],[],[],[],[],[],[]
53894942,"Коробка передач, с/у",,8000.0,[],[],[],[],[],[],[],[],[]
53894639,Короткий тест - считать действующие коды неисправностей,,900.0,[],[],[],[],[],[],[],[],[]
53894983,"Корпус воздушного фильтра, с/у",,450.0,[],[],[],[],[],[],[],[],[]
53894933,"Корпус зеркала, с/у",,2300.0,[],[],[],[],[],[],[],[],[]
53894641,Корпус Печки с\у,,3500.0,[],[],[],[],[],[],[],[],[]
53894935,Корпус прикуривателя (розетка) с/у,,400.0,[],[],[],[],[],[],[],[],[]
53894642,"Корпус регуляторов фаз ГРМ, с/у",,7000.0,[],[],[],[],[],[],[],[],[]
53894989,"Корпус термостата двиг. CWVA, с/у",,3200.0,[],[],[],[],[],[],[],[],[]
